<?xml version="1.0" encoding="UTF-8" ?>
<!DOCTYPE mapper
PUBLIC "-//mybatis.org//DTD Mapper 3.0//EN"
"http://mybatis.org/dtd/mybatis-3-mapper.dtd">

<mapper namespace="user">

	<insert id="userInsert" parameterType="KoravelVO">
		INSERT INTO usr(usrEmail, usrBirth, usrNick, usrID, usrPasswd, usrSince, usrSubscribe, usrPoint)
		VALUES (#{usrEmail}, #{usrBirth}, #{usrNick}, #{usrID}, #{usrPasswd}, #{usrSince}, #{usrSubscribe}, #{usrPoint})
	</insert>
	
	<select id="idCheck" parameterType="KoravelVO" resultType="KoravelVO">
		SELECT * FROM usr
		<where>
			<if test="usrID != null">
				usrID = #{usrID}
			</if>
			<if test="usrPasswd != null">
				AND usrPasswd = #{usrPasswd}
			</if>
		</where>
	</select>
</mapper>