<?xml version="1.0" encoding="UTF-8" ?>
<!DOCTYPE mapper
PUBLIC "-//mybatis.org//DTD Mapper 3.0//EN"
"http://mybatis.org/dtd/mybatis-3-mapper.dtd">

<mapper namespace="region">

	<select id="getRegion" parameterType="RegionVO" resultType="RegionVO">
		<![CDATA[
		SELECT *
		  FROM region
		 WHERE regionIdx=#{regionIdx}
		]]>
	</select>
	
	<select id="getRegionList" resultType="hashmap">
		<![CDATA[
		SELECT regionIdx, regionName, regionStar, regionMainImgFile,
			   (select count(reviewContent) from regionReview a where a.regionIdx = b.regionIdx LIMIT 1) as review
  		  FROM region b
         ORDER BY regionIdx
         LIMIT 6;
		]]>
	</select>
	
	<select id="getKeywordList" resultType="hashmap">
		SELECT mood, theme, area, place
		  FROM keyword
		 WHERE mood!='' AND theme!='' AND area!='' AND place!=''
		 LIMIT 8;
	</select>
	
	<select id="review"  resultType="hashmap"> <!-- 에러시 추가해보기 : parameterType="com.koravel.domain.RegionReviewVO" -->
		
		SELECT reviewIdx, usrNick, reviewContent, reviewDate, reviewStar
		FROM regionReview
		WHERE regionIdx = #{regionIdx}
	
	</select> 
</mapper>